[{"__symbolic":"module","version":3,"metadata":{"ONE_SECOND":1000,"ENTER_CLASSNAME":"ng-enter","LEAVE_CLASSNAME":"ng-leave","ENTER_SELECTOR":".ng-enter","LEAVE_SELECTOR":".ng-leave","NG_TRIGGER_CLASSNAME":"ng-trigger","NG_TRIGGER_SELECTOR":".ng-trigger","NG_ANIMATING_CLASSNAME":"ng-animating","NG_ANIMATING_SELECTOR":".ng-animating","resolveTimingValue":{"__symbolic":"function"},"resolveTiming":{"__symbolic":"function","parameters":["timings","errors","allowNegativeValues"],"value":{"__symbolic":"if","condition":{"__symbolic":"call","expression":{"__symbolic":"select","expression":{"__symbolic":"reference","name":"timings"},"member":"hasOwnProperty"},"arguments":["duration"]},"thenExpression":{"__symbolic":"reference","name":"timings"},"elseExpression":{"__symbolic":"error","message":"Reference to a non-exported function","line":45,"character":9,"context":{"name":"parseTimeExpression"}}}},"copyObj":{"__symbolic":"function"},"normalizeStyles":{"__symbolic":"function"},"copyStyles":{"__symbolic":"function"},"setStyles":{"__symbolic":"function"},"eraseStyles":{"__symbolic":"function"},"normalizeAnimationEntry":{"__symbolic":"function"},"validateStyleParams":{"__symbolic":"function"},"interpolateParams":{"__symbolic":"function"},"iteratorToArray":{"__symbolic":"function"},"mergeAnimationOptions":{"__symbolic":"function"},"dashCaseToCamelCase":{"__symbolic":"function","parameters":["input"],"value":{"__symbolic":"error","message":"Reference to a local symbol","line":211,"character":6,"context":{"name":"DASH_CASE_REGEXP"}}},"allowPreviousPlayerStylesMerge":{"__symbolic":"function","parameters":["duration","delay"],"value":{"__symbolic":"binop","operator":"||","left":{"__symbolic":"binop","operator":"===","left":{"__symbolic":"reference","name":"duration"},"right":0},"right":{"__symbolic":"binop","operator":"===","left":{"__symbolic":"reference","name":"delay"},"right":0}}}}},{"__symbolic":"module","version":1,"metadata":{"ONE_SECOND":1000,"ENTER_CLASSNAME":"ng-enter","LEAVE_CLASSNAME":"ng-leave","ENTER_SELECTOR":".ng-enter","LEAVE_SELECTOR":".ng-leave","NG_TRIGGER_CLASSNAME":"ng-trigger","NG_TRIGGER_SELECTOR":".ng-trigger","NG_ANIMATING_CLASSNAME":"ng-animating","NG_ANIMATING_SELECTOR":".ng-animating","resolveTimingValue":{"__symbolic":"function"},"resolveTiming":{"__symbolic":"function","parameters":["timings","errors","allowNegativeValues"],"value":{"__symbolic":"if","condition":{"__symbolic":"call","expression":{"__symbolic":"select","expression":{"__symbolic":"reference","name":"timings"},"member":"hasOwnProperty"},"arguments":["duration"]},"thenExpression":{"__symbolic":"reference","name":"timings"},"elseExpression":{"__symbolic":"error","message":"Reference to a non-exported function","line":45,"character":9,"context":{"name":"parseTimeExpression"}}}},"copyObj":{"__symbolic":"function"},"normalizeStyles":{"__symbolic":"function"},"copyStyles":{"__symbolic":"function"},"setStyles":{"__symbolic":"function"},"eraseStyles":{"__symbolic":"function"},"normalizeAnimationEntry":{"__symbolic":"function"},"validateStyleParams":{"__symbolic":"function"},"interpolateParams":{"__symbolic":"function"},"iteratorToArray":{"__symbolic":"function"},"mergeAnimationOptions":{"__symbolic":"function"},"dashCaseToCamelCase":{"__symbolic":"function","parameters":["input"],"value":{"__symbolic":"error","message":"Reference to a local symbol","line":211,"character":6,"context":{"name":"DASH_CASE_REGEXP"}}},"allowPreviousPlayerStylesMerge":{"__symbolic":"function","parameters":["duration","delay"],"value":{"__symbolic":"binop","operator":"||","left":{"__symbolic":"binop","operator":"===","left":{"__symbolic":"reference","name":"duration"},"right":0},"right":{"__symbolic":"binop","operator":"===","left":{"__symbolic":"reference","name":"delay"},"right":0}}}}}]