{
  "version": "0.0.1",
  "temakorok": [
    {
      "id": "1",
      "title": "Számolási készség",
      "url": "/temakorok/szamolasi-keszseg",
      "image": "szamolasi-keszseg.png",
      "temak": [
        {
          "id": "101",
          "title": "Műveletek természetes számokkal",
          "url": "/temakorok/szamolasi-keszseg/muveletek-termeszetes-szamokkal"
        },
        {
          "id": "102",
          "title": "Műveletek egész számokkal",
          "url": "/temakorok/szamolasi-keszseg/muveletek-egesz-szamokkal"
        },
        {
          "id": "103",
          "title": "Műveletek racionális számokkal",
          "url": "/temakorok/szamolasi-keszseg/muveletek-racionalis-szamokkal"
        }
      ]
    },
    {
      "id": "2",
      "title": "Mértékváltás",
      "url": "/temakorok/mertekvaltas",
      "image": "mertekvaltas.png",
      "temak": [
        {
          "id": "201",
          "title": "Hosszúság, terület és térfogat mérése, űrmérték",
          "url": "/temakorok/mertekvaltas/hossz-terulet-terfogat-ur"
        },
        {
          "id": "202",
          "title": "Idő, tömeg, egyéb átváltások",
          "url": "/temakorok/mertekvaltas/ido-tomeg-egyeb"
        }
      ]
    },
    {
      "id": "3",
      "title": "Halmazok, logika és kombinatorika",
      "url": "/temakorok/halmazok-logika-kombinatorika",
      "image": "halmazok-logika-kombinatorika.png",
      "temak": [
        {
          "id": "301",
          "title": "Halmaz, logika",
          "url": "/temakorok/halmazok-logika-kombinatorika/halmaz-logika"
        },
        {
          "id": "302",
          "title": "Kombinatorika",
          "url": "/temakorok/halmazok-logika-kombinatorika/kombinatorika"
        }
      ]
    },
    {
      "id": "4",
      "title": "Statisztika és grafikonelemzés",
      "url": "/temakorok/statisztika-grafikon",
      "image": "statisztika-grafikon.png",
      "temak": [
        {
          "id": "401",
          "title": "Statisztika",
          "url": "/temakorok/statisztika-grafikon/statisztika"
        },
        {
          "id": "402",
          "title": "Grafikonelemzés",
          "url": "/temakorok/statisztika-grafikon/grafikonelemzes"
        }
      ]
    },
    {
      "id": "5",
      "title": "Számhalmazok és műveletek, hatványozás",
      "url": "/temakorok/szamhalmazok-hatvanyozas",
      "image": "szamhalmazok-hatvanyozas.png",
      "temak": [
        {
          "id": "501",
          "title": "Számhalmazok",
          "url": "/temakorok/szamhalmazok-hatvanyozas/szamhalmazok"
        },
        {
          "id": "502",
          "title": "Számhalmaz műveletek",
          "url": "/temakorok/szamhalmazok-hatvanyozas/szamhalmaz-muveletek"
        },
        {
          "id": "503",
          "title": "Hatványozás",
          "url": "/temakorok/szamhalmazok-hatvanyozas/hatvanyozas"
        }
      ]
    },
    {
      "id": "6",
      "title": "Számsorozatok és a számtani sorozat",
      "url": "/temakorok/sorozatok",
      "image": "sorozatok.png",
      "temak": [
        {
          "id": "601",
          "title": "Sorozatok",
          "url": "/temakorok/sorozatok/szamsorozatok"
        },
        {
          "id": "602",
          "title": "Számtani sorozatok",
          "url": "/temakorok/sorozatok/szamtani-sorozatok"
        }
      ]
    },
    {
      "id": "7",
      "title": "Arányosság, százalékszámítás",
      "url": "/temakorok/aranyossag-szazalek",
      "image": "aranyossag-szazalek.png",
      "temak": [
        {
          "id": "701",
          "title": "Alapfogalmak",
          "url": "/temakorok/aranyossag-szazalek/arany-szazalek-alapfogalmak"
        },
        {
          "id": "702",
          "title": "Szövegértelmezés",
          "url": "/temakorok/aranyossag-szazalek/szovegertelmezes"
        },
        {
          "id": "703",
          "title": "Százalékszámítás",
          "url": "/temakorok/aranyossag-szazalek/szazalekszamitas"
        },
        {
          "id": "704",
          "title": "Fordított arányosság",
          "url": "/temakorok/aranyossag-szazalek/forditott-aranyossag"
        }
      ]
    },
    {
      "id": "8",
      "title": "Számelmélet, összetett oszthatósági feladatok",
      "url": "/temakorok/szamelmelet-oszthatosag",
      "image": "szamelmelet-oszthatosag.png",
      "temak": [
        {
          "id": "801",
          "title": "Osztó, többszörös, oszthatósági szabályok",
          "url": "/temakorok/szamelmelet-oszthatosag/oszto-tobbszoros"
        },
        {
          "id": "802",
          "title": "Számelmélet alaptétele, legnagyobb közös osztó, legkisebb közös többszörös",
          "url": "/temakorok/szamelmelet-oszthatosag/legnagyobb-legkisebb"
        }
      ]
    },
    {
      "id": "9",
      "title": "Tájékozódás a koordinátarendszerben és a lineáris függvények",
      "url": "/temakorok/koordinata-linearis-fuggvenyek",
      "image": "koordinata-linearis-fuggvenyek.png",
      "temak": [
        {
          "id": "901",
          "title": "Tájékozódás a koordinátarendszerben",
          "url": "/temakorok/koordinata-linearis-fuggvenyek/tajekozodas-koordinatarendszerben"
        },
        {
          "id": "902",
          "title": "Lineáris függvények",
          "url": "/temakorok/koordinata-linearis-fuggvenyek/linearis-fuggvenyek"
        }
      ]
    },
    {
      "id": "10",
      "title": "Algebrai kifejezések",
      "url": "/temakorok/algebrai-kifejezesek",
      "image": "algebrai-kifejezesek.png",
      "temak": [
        {
          "id": "1001",
          "title": "Algebrai kifejezések",
          "url": "/temakorok/algebrai-kifejezesek/algebrai-kifejezesek"
        },
        {
          "id": "1002",
          "title": "Műveletek algebrai kifejezésekkel",
          "url": "/temakorok/algebrai-kifejezesek/muveletek-algebrai-kifejezesekkel"
        }
      ]
    },
    {
      "id": "11",
      "title": "Elsőfokú egyenletek, egyenlőtlenségek",
      "url": "/temakorok/elsofoku-egyenletek",
      "image": "elsofoku-egyenletek.png",
      "temak": [
        {
          "id": "1101",
          "title": "Elsőfokú egyenletek",
          "url": "/temakorok/elsofoku-egyenletek/elsofoku-egyenletek"
        },
        {
          "id": "1102",
          "title": "Elsőfokú egyenlőtlenségek",
          "url": "/temakorok/elsofoku-egyenletek/elsofoku-egyenlotlensegek"
        }
      ]
    },
    {
      "id": "12",
      "title": "Szöveges feladatok",
      "url": "/temakorok/szoveges-feladatok",
      "image": "szoveges-feladatok.png",
      "temak": [
        {
          "id": "1201",
          "title": "Szöveges feladatokról általában, keveréses feladatok, mozgásos feladatok",
          "url": "/temakorok/szoveges-feladatok/szoveges-altalanos"
        },
        {
          "id": "1202",
          "title": "Számjegyes, életkoros, munkavégzéses, vegyes feladatok",
          "url": "/temakorok/szoveges-feladatok/szoveges-vegyes"
        }
      ]
    },
    {
      "id": "13",
      "title": "Síkgeometria és egybevágósági transzformációk",
      "url": "/temakorok/sikgeometria",
      "image": "sikgeometria.png",
      "temak": [
        {
          "id": "1301",
          "title": "Síkgeometria alapfogalmak",
          "url": "/temakorok/sikgeometria/sikgeometria-alapfogalmak"
        },
        {
          "id": "1302",
          "title": "Háromszögek",
          "url": "/temakorok/sikgeometria/sikgeometria-haromszogek"
        },
        {
          "id": "1303",
          "title": "Négyszögek, sokszögek, kör",
          "url": "/temakorok/sikgeometria/sikgeometria-sokszogek"
        },
        {
          "id": "1304",
          "title": "Egybevágósági transzformációk",
          "url": "/temakorok/sikgeometria/sikgeometria-egybevagosag"
        }
      ]
    },
    {
      "id": "14",
      "title": "Kerület és terület számítása, Pitagorasz tétele",
      "url": "/temakorok/kerulet-terulet-pitagorasz",
      "image": "kerulet-terulet-pitagorasz.png",
      "temak": [
        {
          "id": "1401",
          "title": "Kerület",
          "url": "/temakorok/kerulet-terulet-pitagorasz/kerulet"
        },
        {
          "id": "1402",
          "title": "Terület",
          "url": "/temakorok/kerulet-terulet-pitagorasz/terulet"
        }
      ]
    },
    {
      "id": "15",
      "title": "Térbeli alakzatok, felszín és térfogat számítása",
      "url": "/temakorok/felszin-terfogat",
      "image": "felszin-terfogat.png",
      "temak": [
        {
          "id": "1501",
          "title": "Térbeli alakzatok, felszín és térfogat számítása alapfogalmak",
          "url": "/temakorok/felszin-terfogat/felszin-terfogat-alapfogalmak"
        },
        {
          "id": "1502",
          "title": "Testek felszíne",
          "url": "/temakorok/felszin-terfogat/testek-felszine"
        },
        {
          "id": "1503",
          "title": "Testek térfogata",
          "url": "/temakorok/felszin-terfogat/testek-terfogata"
        }
      ]
    }
  ]
}